ID,Image Filename,PyTorch Class,PyTorch Conf (%),ONNX FP32 Class,ONNX FP32 Conf (%),ONNX INT8 Class,ONNX INT8 Conf (%),Delta Conf (%),Class Agreement,FP32 Latency (ms),INT8 Latency (ms)
1,202620.jpg,Hispa,100.0,Hispa,79.62,Hispa,78.49,-1.12,MATCH,17.1,184.1
2,200457.jpg,Hispa,99.96,Hispa,81.03,Hispa,81.86,0.82,MATCH,41.3,74.0
3,200103.jpg,Hispa,99.97,Hispa,79.78,Hispa,78.23,-1.55,MATCH,117.4,113.4
4,203038.jpg,Dead Heart,99.99,Dead Heart,84.78,Dead Heart,83.15,-1.62,MATCH,20.9,127.5
5,201127.jpg,Normal,99.98,Normal,79.27,Normal,78.98,-0.29,MATCH,61.2,183.1
6,201004.jpg,Normal,98.27,Normal,79.97,Normal,80.25,0.28,MATCH,45.8,113.7
7,200915.jpg,Normal,99.99,Normal,79.71,Normal,79.96,0.25,MATCH,56.1,140.0
8,200572.jpg,Normal,99.99,Normal,82.62,Normal,81.69,-0.93,MATCH,68.9,202.8
9,203017.jpg,Dead Heart,100.0,Dead Heart,83.8,Dead Heart,81.85,-1.95,MATCH,50.1,122.8
10,200420.jpg,Tungro,99.9,Tungro,91.65,Tungro,90.22,-1.42,MATCH,62.5,121.0
11,202772.jpg,Blast,100.0,Blast,81.6,Blast,79.7,-1.9,MATCH,36.9,127.4
12,203034.jpg,Hispa,99.98,Hispa,83.25,Hispa,82.45,-0.8,MATCH,17.0,128.7
13,202234.jpg,Tungro,99.12,Tungro,90.25,Tungro,88.52,-1.73,MATCH,49.5,163.3
14,200357.jpg,Bacterial Leaf Streak,99.99,Bacterial Leaf Streak,96.4,Bacterial Leaf Streak,96.38,-0.02,MATCH,53.9,136.7
15,202419.jpg,Hispa,99.99,Hispa,81.0,Hispa,79.04,-1.97,MATCH,58.8,115.1
16,201729.jpg,Tungro,99.81,Tungro,87.81,Tungro,87.59,-0.23,MATCH,68.9,114.7
17,200131.jpg,Bacterial Leaf Streak,83.21,Brown Spot,86.87,Brown Spot,80.65,-6.22,MATCH,35.1,123.9
18,200123.jpg,Dead Heart,99.97,Dead Heart,85.0,Dead Heart,81.33,-3.67,MATCH,53.0,108.9
19,200384.jpg,Bacterial Leaf Blight,99.9,Bacterial Leaf Blight,95.48,Bacterial Leaf Blight,94.48,-0.99,MATCH,34.8,156.6
20,200896.jpg,Normal,99.99,Normal,80.02,Normal,79.04,-0.98,MATCH,42.5,203.8
