epoch,train_loss,val_loss,train_accuracy,val_accuracy,learning_rate,epoch_time_sec
1,1.5601,0.7725,47.52,73.54,0.000100,52.2
2,0.6101,0.4097,80.29,86.55,0.000100,35.4
3,0.3700,0.3200,87.69,89.62,0.000098,34.9
4,0.2491,0.2249,91.82,92.25,0.000097,35.1
5,0.1975,0.2101,93.24,93.72,0.000094,35.1
6,0.1608,0.1688,94.67,95.20,0.000091,35.8
7,0.1245,0.1728,95.91,95.07,0.000087,35.5
8,0.0985,0.1537,96.81,95.39,0.000082,35.1
9,0.0828,0.1431,97.21,95.45,0.000077,35.6
10,0.0749,0.1395,97.33,95.77,0.000072,35.5
11,0.0604,0.1348,97.73,96.41,0.000066,35.3
12,0.0614,0.1342,97.95,96.22,0.000060,35.1
13,0.0408,0.1393,98.53,96.54,0.000054,35.4
14,0.0424,0.1248,98.33,96.60,0.000047,35.8
15,0.0382,0.1312,98.57,96.73,0.000041,35.6
16,0.0275,0.1377,98.90,96.09,0.000035,35.3
17,0.0286,0.1203,99.06,96.99,0.000029,35.4
18,0.0235,0.1356,99.08,96.41,0.000024,35.2
19,0.0212,0.1199,99.26,96.80,0.000019,35.0
20,0.0186,0.1249,99.24,96.67,0.000014,35.0
21,0.0197,0.1284,99.35,96.48,0.000010,36.2
22,0.0188,0.1234,99.27,96.73,0.000007,35.8
23,0.0164,0.1225,99.49,96.80,0.000004,35.5
24,0.0170,0.1234,99.52,96.67,0.000003,35.3
